term,estimate,std.error,statistic,p.value
data[[covariate]],0.00282945293323144,0.306345356806655,0.00923615413246561,0.992630719991293
