term,estimate,std.error,statistic,p.value,conf.low,conf.high
"data[[covariate]](720,Inf]",0.0504633208558686,0.559673614289735,0.0901656243343007,0.928155600833486,-1.04647680624937,1.14740344796111
