term,estimate,std.error,statistic,p.value,conf.low,conf.high
data[[covariate]]M,0.362225280741128,0.605824132157689,0.597905004957521,0.549903320142346,-0.825168199253175,1.54961876073543
