term,estimate,std.error,statistic,p.value,conf.low,conf.high
data[[covariate]],1.04128371075938,0.0232842216032169,1.7374121387152,0.0823144501624775,0.994831456626938,1.0899049874932
