term,estimate,std.error,statistic,p.value,conf.low,conf.high
data[[covariate]]Living,0.440130475014162,0.765356953933178,-1.07228928630854,0.283590117389891,0.0981993063855175,1.97267009479367
