term,estimate,std.error,statistic,p.value,conf.low,conf.high
data[[covariate]]M,0.974136885247986,0.599578587055254,-0.0437031049991872,0.965141064151966,0.300786104693919,3.15487536289716
