term,estimate,std.error,statistic,p.value,conf.low,conf.high
data[[covariate]]Living,-0.720874319425225,0.764058124596691,-0.943480994728954,0.345434931923801,-2.21840072572996,0.776652086879506
