term,estimate,std.error,statistic,p.value,conf.low,conf.high
data[[covariate]]1,0.731486603585282,0.740701774350823,-0.422135308891358,0.672926256888109,0.171285217503985,3.12386940929263
