term,estimate,std.error,statistic,p.value,conf.low,conf.high
data[[covariate]],0.99202386345692,0.0156866470367166,-0.51050527647529,0.609697518924532,0.96198792601745,1.02299760636512
