term,estimate,std.error,statistic,p.value,conf.low,conf.high
data[[covariate]],1.00433891466241,0.0161723981350736,0.267710989806281,0.788921789859069,0.973003315619935,1.03668367755005
