term,estimate,std.error,statistic,p.value,conf.low,conf.high
data[[covariate]],1.00876463364277,0.004708747823687,1.85324156922836,0.0638477419476534,0.999497597305682,1.01811759110935
