term,estimate,std.error,statistic,p.value
data[[covariate]],0.00012314627177814,0.000577093980048933,0.213390324688014,0.831022526501548
