term,estimate,std.error,statistic,p.value,conf.low,conf.high
data[[covariate]],0.0102811481413906,0.0148430203995355,0.692658762478851,0.488523723873514,-0.0188106372634923,0.0393729335462735
