term,estimate,std.error,statistic,p.value,conf.low,conf.high
"data[[covariate]](720,Inf]",1.05504968135065,0.606205021797638,0.0883989000750716,0.92955963548812,0.321566101561964,3.46158946702163
