term,estimate,std.error,statistic,p.value,conf.low,conf.high
"data[[covariate]](2,5]",0.704047656739633,0.609459385222673,-0.575771313710435,0.564769765595086,0.213220662369094,2.32474234651105
"data[[covariate]](5,Inf]",,0,,,,
