term,estimate,std.error,statistic,p.value,conf.low,conf.high
data[[covariate]],1.00037973158065,0.000580313150534228,0.65423211677076,0.512962272883532,0.999242553633499,1.00151820368174
