term,estimate,std.error,statistic,p.value,conf.low,conf.high
data[[covariate]],1.03248200808824,0.0203461338060087,1.57109062712355,0.116161599423545,0.99211914866988,1.07448696908543
