term,estimate,std.error,statistic,p.value
data[[covariate]],0.0102811481413906,0.0148430203995355,0.692658762478851,0.488523723873514
