term,estimate,std.error,statistic,p.value,conf.low,conf.high
data[[covariate]]W,1.71648689383175,0.161398038420623,3.34749854317315,0.000815444163703224,1.25100265777663,2.35517265961095
