term,estimate,std.error,statistic,p.value,conf.low,conf.high
"data[[covariate]](720,Inf]",1.40698994063251,0.460781085213194,0.741030045610045,0.4586752229815,0.570260672120059,3.47143120650675
