term,estimate,std.error,statistic,p.value,conf.low,conf.high
data[[covariate]],1.07653673470821,0.020323666021926,3.62873319050406,0.000284815412162307,1.03449719630834,1.12028466129432
