term,estimate,std.error,statistic,p.value,conf.low,conf.high
data[[covariate]],0.00664249245102161,0.0130979928762883,0.507138193901961,0.612057857758276,-0.0190291018562657,0.0323140867583089
