term,estimate,std.error,statistic,p.value
data[[covariate]],0.00788260520702025,0.0237269412451315,0.332221718997921,0.739721844864028
