term,estimate,std.error,statistic,p.value
data[[covariate]],0.00432952871228179,0.0161723981350736,0.267710989806281,0.788921789859069
