term,estimate,std.error,statistic,p.value,conf.low,conf.high
data[[covariate]],1.00791375473212,0.0237269412451315,0.332221718997921,0.739721844864028,0.962114949724492,1.05589268441272
