term,estimate,std.error,statistic,p.value
data[[covariate]]M,-0.0262034459453401,0.599578587055254,-0.0437031049991872,0.965141064151966
