term,estimate,std.error,statistic,p.value,conf.low,conf.high
data[[covariate]]Living,0.299105123315073,0.740694202867896,-1.62949862401445,0.103207505932297,0.0700396236058477,1.27733231830012
