term,estimate,std.error,statistic,p.value,conf.low,conf.high
"data[[covariate]](720,Inf]",1.05175828505377,0.559673614289735,0.0901656243343007,0.928155600833486,0.351172822024949,3.1500031346408
