term,estimate,std.error,statistic,p.value,conf.low,conf.high
data[[covariate]]Living,0.486326864998203,0.764058124596691,-0.943480994728954,0.345434931923801,0.108782943545841,2.17418109778684
