term,estimate,std.error,statistic,p.value,conf.low,conf.high
data[[covariate]],1.00666460273268,0.0130979928762883,0.507138193901961,0.612057857758276,0.98115080851752,1.03284185631577
