term,estimate,std.error,statistic,p.value,conf.low,conf.high
data[[covariate]]Living,0.920528678226171,0.222366561663111,-0.372390179180323,0.709602364878633,0.595331089077743,1.42336434797909
