term,estimate,std.error,statistic,p.value,conf.low,conf.high
"data[[covariate]](720,Inf]",-0.0956521727951496,0.561183130244126,-0.170447341767988,0.864658343460006,-1.19555089680509,1.00424655121479
