term,estimate,std.error,statistic,p.value,conf.low,conf.high
data[[covariate]],1.01107565173546,0.325108184147347,0.033880309375584,0.972972595014942,0.534627216713013,1.91212482562601
