term,estimate,std.error,statistic,p.value
data[[covariate]],0.000379659500863917,0.000580313150534228,0.65423211677076,0.512962272883532
