term,estimate,std.error,statistic,p.value,conf.low,conf.high
data[[covariate]]Living,0.640732190619978,0.767063254384434,-0.580322034935653,0.56169747063789,0.142479085115265,2.88138950193674
