term,estimate,std.error,statistic,p.value
data[[covariate]],0.0301617853448836,0.314106054580438,0.096024208718841,0.923501345625306
