term,estimate,std.error,statistic,p.value,conf.low,conf.high
data[[covariate]]W,5.54760570069253,0.655052776147638,2.61561585842287,0.00890666986069158,1.53646846763282,20.0303030349667
