term,estimate,std.error,statistic,p.value
data[[covariate]],0.0404542892539638,0.0232842216032169,1.7374121387152,0.0823144501624775
