term,estimate,std.error,statistic,p.value,conf.low,conf.high
"data[[covariate]](2,5]",-0.204525048703587,0.60592886620641,-0.337539701622197,0.735710088740331,-1.39212380366134,0.983073706254165
"data[[covariate]](5,Inf]",,0,,,,
