term,estimate,std.error,statistic,p.value,conf.low,conf.high
data[[covariate]],1.03024928674254,0.0163619190994337,1.82135107382633,0.0685535073441437,0.997734596676859,1.06382358231211
