term,estimate,std.error,statistic,p.value
"data[[covariate]](720,Inf]",-0.0956521727951496,0.561183130244126,-0.170447341767988,0.864658343460006
