term,estimate,std.error,statistic,p.value
data[[covariate]],0.0156469151060343,0.0159946046215743,0.978262075008032,0.327944721951804
