term,estimate,std.error,statistic,p.value,conf.low,conf.high
data[[covariate]]M,-1.78759514856222,0.659912356442938,-2.70883721316831,0.00675194590269578,-3.08099960014334,-0.494190696981103
