term,estimate,std.error,statistic,p.value,conf.low,conf.high
data[[covariate]],1.03062125988222,0.314106054580438,0.096024208718841,0.923501345625306,0.556841428019695,1.9075092618354
