term,estimate,std.error,statistic,p.value,conf.low,conf.high
data[[covariate]],1.00012315385459,0.000577093980048933,0.213390324688014,0.831022526501548,0.998992570653208,1.00125501656336
