term,estimate,std.error,statistic,p.value,conf.low,conf.high
data[[covariate]],0.996291394160062,0.00573826738758236,-0.647495056865065,0.517311592691941,0.985149081799654,1.00755972919768
