term,estimate,std.error,statistic,p.value,conf.low,conf.high
data[[covariate]],1.01033418073444,0.0148430203995355,0.692658762478851,0.488523723873514,0.981365178644641,1.04015832125827
