term,estimate,std.error,statistic,p.value
data[[covariate]],-0.00207426590373875,0.0235319936454546,-0.0881466285853518,0.929760136331279
