term,estimate,std.error,statistic,p.value,conf.low,conf.high
"data[[covariate]](2,5]",0.815034326108567,0.60592886620641,-0.337539701622197,0.735710088740331,0.248546878922594,2.67265859710162
"data[[covariate]](5,Inf]",,0,,,,
