term,estimate,std.error,statistic,p.value,conf.low,conf.high
data[[covariate]],0.0301617853448836,0.314106054580438,0.096024208718841,0.923501345625306,-0.585474768958747,0.645798339648515
