term,estimate,std.error,statistic,p.value
data[[covariate]]M,0.362225280741128,0.605824132157689,0.597905004957521,0.549903320142346
