term,estimate,std.error,statistic,p.value,conf.low,conf.high
data[[covariate]]M,1.4365225263697,0.605824132157689,0.597905004957521,0.549903320142346,0.438161287865205,4.70967432751028
