term,estimate,std.error,statistic,p.value,conf.low,conf.high
data[[covariate]],1.01576996904934,0.0159946046215743,0.978262075008032,0.327944721951804,0.984420698769208,1.04811756936086
