term,estimate,std.error,statistic,p.value
data[[covariate]],0.00664249245102161,0.0130979928762883,0.507138193901961,0.612057857758276
