term,estimate,std.error,statistic,p.value
"data[[covariate]](39,59]",-0.239912289772747,0.64574182158895,-0.371529737972376,0.710243010726987
"data[[covariate]](59,Inf]",0.260104453961877,0.712833405906832,0.36488813768623,0.715194909477742
