term,estimate,std.error,statistic,p.value,conf.low,conf.high
data[[covariate]],1.00630098663204,0.0129514435792606,0.484982108241411,0.627689037117903,0.981078164156834,1.03217226995048
