term,estimate,std.error,statistic,p.value,conf.low,conf.high
"data[[covariate]](720,Inf]",0.908780059529193,0.561183130244126,-0.170447341767988,0.864658343460006,0.302537241465865,2.72984969584668
