term,estimate,std.error,statistic,p.value,conf.low,conf.high
data[[covariate]],1.51926551140268,0.246426997744076,1.69716388917548,0.0896656801077272,0.937291413173602,2.46259344926926
