term,estimate,std.error,statistic,p.value,conf.low,conf.high
data[[covariate]]W,3.24269887189208,0.456114424529668,2.57919045079445,0.00990321709695555,1.32635970180835,7.92778607449694
