term,estimate,std.error,statistic,p.value
"data[[covariate]](39,59]",-0.107676912553865,0.646503585109892,-0.166552692102337,0.867722019870279
"data[[covariate]](59,Inf]",0.622070216238114,0.715140733511117,0.869857060419345,0.384378523953142
