term,estimate,std.error,statistic,p.value,conf.low,conf.high
data[[covariate]],1.00061472729421,0.000752182248601102,0.817007351507321,0.413924226862292,0.999140657755927,1.00209097158234
