term,estimate,std.error,statistic,p.value,conf.low,conf.high
data[[covariate]],1.0028334596132,0.306345356806655,0.00923615413246561,0.992630719991293,0.550132339053129,1.82806004360825
