term,estimate,std.error,statistic,p.value
"data[[covariate]](2,5]",-0.350909230882812,0.609459385222673,-0.575771313710435,0.564769765595086
"data[[covariate]](5,Inf]",,0,,
