term,estimate,std.error,statistic,p.value,conf.low,conf.high
data[[covariate]]M,-1.92830694603875,0.658946008538662,-2.92635044609365,0.00342964358748044,-3.21981739053095,-0.636796501546545
