term,estimate,std.error,statistic,p.value,conf.low,conf.high
data[[covariate]],0.000379659500863917,0.000580313150534228,0.65423211677076,0.512962272883532,-0.000757733373938141,0.00151705237566597
