term,estimate,std.error,statistic,p.value
data[[covariate]]M,-1.92830694603875,0.658946008538662,-2.92635044609365,0.00342964358748044
