term,estimate,std.error,statistic,p.value,conf.low,conf.high
data[[covariate]]M,0.704553931122296,0.162317782910775,-2.15743704697859,0.0309716272628024,0.51256517424793,0.968454875203386
