term,estimate,std.error,statistic,p.value,conf.low,conf.high
data[[covariate]],0.0156469151060343,0.0159946046215743,0.978262075008032,0.327944721951804,-0.0157019338992092,0.0469957641112779
