term,estimate,std.error,statistic,p.value,conf.low,conf.high
data[[covariate]],0.0404542892539638,0.0232842216032169,1.7374121387152,0.0823144501624775,-0.00518194649639083,0.0860905250043184
