term,estimate,std.error,statistic,p.value,conf.low,conf.high
data[[covariate]]M,0.145394150362186,0.658946008538662,-2.92635044609365,0.00342964358748044,0.0399623550988445,0.528984313042983
