term,estimate,std.error,statistic,p.value,conf.low,conf.high
data[[covariate]]Living,-0.445143708708739,0.767063254384434,-0.580322034935653,0.56169747063789,-1.94856006116631,1.05827264374884
