term,estimate,std.error,statistic,p.value,conf.low,conf.high
data[[covariate]]W,0.384457851265361,0.621821100664235,-1.5372928236432,0.124221618055506,0.113645869001408,1.30060019513553
