term,estimate,std.error,statistic,p.value,conf.low,conf.high
data[[covariate]],1.00629295804895,0.0138728938406285,0.452194051236195,0.651129193318851,0.979300113632663,1.03402981713402
