term,estimate,std.error,statistic,p.value,conf.low,conf.high
data[[covariate]],1.00008065034,0.000206089908552504,0.391319926833451,0.695560771400995,0.999676770539497,1.00048469331214
