term,estimate,std.error,statistic,p.value,conf.low,conf.high
data[[covariate]],0.00432952871228179,0.0161723981350736,0.267710989806281,0.788921789859069,-0.0273677891761051,0.0360268466006687
