term,estimate,std.error,statistic,p.value,conf.low,conf.high
data[[covariate]],0.0335375072045081,0.0207619458538868,1.61533545268493,0.106238070092223,-0.00715515891808068,0.0742301733270969
