term,estimate,std.error,statistic,p.value,conf.low,conf.high
data[[covariate]]M,0.167362167249609,0.659912356442938,-2.70883721316831,0.00675194590269578,0.0459133387231163,0.610064434551428
