term,estimate,std.error,statistic,p.value
data[[covariate]]Living,-0.445143708708739,0.767063254384434,-0.580322034935653,0.56169747063789
