term,estimate,std.error,statistic,p.value
data[[covariate]]Living,-0.720874319425225,0.764058124596691,-0.943480994728954,0.345434931923801
