term,estimate,std.error,statistic,p.value,conf.low,conf.high
data[[covariate]],1.00031050376232,0.000592785357526078,0.523723405203298,0.600470934124497,0.999148979937835,1.00147337787351
