term,estimate,std.error,statistic,p.value,conf.low,conf.high
data[[covariate]],1.01010659304393,0.014722830731443,0.683011516952376,0.494599565089349,0.981375269320079,1.03967907202075
