term,estimate,std.error,statistic,p.value,conf.low,conf.high
data[[covariate]],1.03410622943273,0.0207619458538868,1.61533545268493,0.106238070092223,0.992870378287603,1.07705468622795
