term,estimate,std.error,statistic,p.value,conf.low,conf.high
data[[covariate]],0.998507416029314,0.0232832398605495,-0.0641533993003458,0.948848082884382,0.95396527215101,1.04512930289113
