term,estimate,std.error,statistic,p.value,conf.low,conf.high
"data[[covariate]](2,5]",-0.350909230882812,0.609459385222673,-0.575771313710435,0.564769765595086,-1.54542767595917,0.843609214193549
"data[[covariate]](5,Inf]",,0,,,,
