term,estimate,std.error,statistic,p.value
"data[[covariate]](720,Inf]",0.0504633208558686,0.559673614289735,0.0901656243343007,0.928155600833486
