term,estimate,std.error,statistic,p.value,conf.low,conf.high
data[[covariate]],1.19569912446228,0.0750064711637415,2.38287514305705,0.0171780194619595,1.03222954909224,1.38505664510104
