term,estimate,std.error,statistic,p.value,conf.low,conf.high
data[[covariate]],1.01537859849478,0.00530775765169622,2.87532841359352,0.00403607450393528,1.00487035435947,1.02599673063138
