term,estimate,std.error,statistic,p.value,conf.low,conf.high
data[[covariate]],1.00762519043695,0.00324947408184885,2.33769078507125,0.0194032945472372,1.00122816702852,1.01406308555658
