term,estimate,std.error,statistic,p.value,conf.low,conf.high
data[[covariate]]1,1.18250739079103,0.764170183507725,0.21937141113689,0.826360738254807,0.26444844906889,5.28769873371858
