term,estimate,std.error,statistic,p.value
data[[covariate]],0.0335375072045081,0.0207619458538868,1.61533545268493,0.106238070092223
