term,estimate,std.error,statistic,p.value,conf.low,conf.high
"data[[covariate]](2,5]",1.4401453637477,0.493756248705189,0.738712788945164,0.460081418302,0.547167444543942,3.79046430741629
"data[[covariate]](5,Inf]",,0,,,,
