term,estimate,std.error,statistic,p.value,conf.low,conf.high
data[[covariate]]W,1.14799216229521,0.592316182129061,0.233008104065293,0.815755112824128,0.359549322466593,3.66538308471899
