term,estimate,std.error,statistic,p.value,conf.low,conf.high
R_age_surgery,0.984467462369144,0.00718464135051013,-2.17887443363883,0.0293409975100196,0.970701697388499,0.998428443126183
D_age,1.01887968482315,0.00664559440833006,2.81444733276332,0.00488611833775395,1.00569470328638,1.03223752571531
GeschlechtW,1.45878664700047,0.189745175129128,1.99006391725155,0.0465838949640837,1.00572765766877,2.11593910661622
D_sexM,0.74577259952882,0.190278000011794,-1.5416104415543,0.123168286672269,0.513619490419829,1.08285760291799
D_typeLiving,0.719486316460057,0.351920311751632,-0.935489541142269,0.349536070840438,0.360966938689599,1.43409410693539
current_PRA,1.00188475044046,0.00793485016069187,0.237304610520373,0.812420485571777,0.986423953161624,1.01758787380204
highest_PRA,1.0074763831228,0.00543287793733712,1.37101800936537,0.170369342012524,0.99680544189906,1.01826155826001
cold_time_minutes,0.999943097465103,0.000265623993128637,-0.214228214993998,0.830369094411978,0.99942264911733,1.00046381683583
