term,estimate,std.error,statistic,p.value,conf.low,conf.high
R_age_surgery,0.987784933978689,0.00845128188513247,-1.45425075815314,0.145876797121181,0.971557824388277,1.00428307127229
D_age,1.02165697906892,0.00707684987040593,3.02758980567961,0.00246512454225956,1.00758404191642,1.035926473086
GeschlechtW,1.59999789915057,0.213939605888146,2.19689250273609,0.0280281244270573,1.05199503403626,2.43346517280044
D_sexM,0.845915930858628,0.217143710978635,-0.770620047281429,0.440932174953725,0.552705952795769,1.29467352117489
D_typeLiving,3.98628603429882,0.787350297273829,1.75634655087814,0.0790292532720998,0.851872639975159,18.6535822393699
current_PRA,1.00126032771812,0.00807760503087407,0.15592916056265,0.876088859634555,0.985533381046182,1.01723824189291
highest_PRA,1.01120597132964,0.0054949059235819,2.02799642787136,0.0425606125813282,1.0003739017597,1.02215533077585
cold_time_minutes,1.00003761807889,0.000295372455626332,0.127355718633351,0.89865886219073,0.999458844473797,1.00061672684425
mismatch_sum,1.18161944825874,0.0869991610599977,1.91824736381139,0.0550796531427017,0.996377266983274,1.40130106012015
