term,estimate,std.error,statistic,p.value,conf.low,conf.high
R_age_Tdate,0.967377157891146,0.0350315047771418,-0.946771511482363,0.343755221515751,0.903185501707807,1.03613107588645
`D-age`,1.0373522991464,0.0312857137461112,1.17215164139495,0.241136179709799,0.975653992356103,1.10295227711379
`R-sex`M,1.05320012362681,0.79602133869169,0.0651154227941759,0.948082100879122,0.221277017680552,5.01285904896313
`D-sex`M,0.0985462837400448,0.930683012287714,-2.48981546335963,0.0127809437189225,0.0159016223465445,0.610715675880943
`D-type`Living,,0,,,,
cold_time_sum_min,1.00115026785287,0.000964041176407617,1.19248723998093,0.233070251080979,0.999260394459421,1.00304371551132
mismatch_sum,1.12150131181583,0.374485061521497,0.306202453601566,0.7594505043721,0.538316291766754,2.33647989414669
`Current PRA%`,0.998282060633063,0.0490520818111308,-0.0350528795828213,0.972037574945375,0.906776087922407,1.09902222373896
`Highest PRA%`,0.993279204539603,0.037963175002987,-0.177632184590406,0.859011846840425,0.922055430435547,1.07000462836035
