term,estimate,std.error,statistic,p.value,conf.low,conf.high
R_age_Tdate,0.977852090219507,0.0373301555626707,-0.599966891152009,0.548528301084761,0.908861448949865,1.05207973278159
`D-age`,1.03343761694831,0.0396927854085921,0.82863263486729,0.407312315433734,0.956087643827951,1.11704540375379
`R-sex`M,1.48767071691717,0.834658568163747,0.475897132885865,0.634147664894959,0.289763816565962,7.63782099573855
`D-sex`M,0.0443612281381681,1.30272338471395,-2.39144354644071,0.0167822646558374,0.0034524182652803,0.570011629737113
`D-type`Living,,0,,,,
cold_time_sum_min,1.00122542463264,0.00110242179481577,1.11089459448144,0.266613722506961,0.99906440534095,1.00339111830202
mismatch_sum,1.37402765319122,0.397683692808616,0.798992579762293,0.424294714602424,0.630211755962375,2.99574226261637
`Current PRA%`,1.00781643875558,0.0537942751630299,0.144737495456719,0.884918133761904,0.906967380903004,1.11987927638006
`Highest PRA%`,0.994915848104101,0.0408028238831411,-0.124920769810884,0.900586275239907,0.918448738915412,1.07774936462716
