term,estimate,std.error,statistic,p.value
R_age_Tdate,-0.0331668307273562,0.0350315047771418,-0.946771511482363,0.343755221515751
`D-age`,0.0366716007197169,0.0312857137461112,1.17215164139495,0.241136179709799
`R-sex`M,0.0518332660220953,0.79602133869169,0.0651154227941759,0.948082100879122
`D-sex`M,-2.31722895548007,0.930683012287714,-2.48981546335963,0.0127809437189225
`D-type`Living,,0,,
cold_time_sum_min,0.00114960680168229,0.000964041176407617,1.19248723998093,0.233070251080979
mismatch_sum,0.114668244675016,0.374485061521497,0.306202453601566,0.7594505043721
`Current PRA%`,-0.00171941671701227,0.0490520818111308,-0.0350528795828213,0.972037574945375
`Highest PRA%`,-0.00674348170976847,0.037963175002987,-0.177632184590406,0.859011846840425
